insert into users(id, student_id, name, email, password, phone_number, birthday, state, role, kisu) values (1 , '2022136131', '허명철', 'soon3771@koreatech.ac.kr', '$2a$10$tQXMp8U0LNKSmoCBJoxP8uPXfQRxgGlVF2iD7O9ChH3QDNDoq4pwG', '010-2699-3771', '2003-09-11', '재학', 'ROLE_ADMIN', 30);
insert into users(id, student_id, name, email, password, phone_number, birthday, state, role, kisu) values (2 , '2022136133', '김영우', 'youngsu123@example.com', '$2a$10$tQXMp8U0LNKSmoCBJoxP8uPXfQRxgGlVF2iD7O9ChH3QDNDoq4pwG', '010-1234-5678', '1999-05-25', '재학', 'ROLE_USER', 28);
insert into users(id, student_id, name, email, password, phone_number, birthday, state, role, kisu) values (3 , '2022136134', '이지원', 'jwon.lee@example.com', '$2a$10$tQXMp8U0LNKSmoCBJoxP8uPXfQRxgGlVF2iD7O9ChH3QDNDoq4pwG', '010-9876-5432', '2001-11-10', '재학', 'ROLE_USER', 26);
insert into users(id, student_id, name, email, password, phone_number, birthday, state, role, kisu) values (4 , '2022136135', '박수진', 'soojin_park@example.com', '$2a$10$tQXMp8U0LNKSmoCBJoxP8uPXfQRxgGlVF2iD7O9ChH3QDNDoq4pwG', '010-5678-1234', '1998-03-15', '재학', 'ROLE_USER', 32);
insert into users(id, student_id, name, email, password, phone_number, birthday, state, role, kisu) values (5 , '2022136136', '정현우', 'hwu.jung@example.com', '$2a$10$tQXMp8U0LNKSmoCBJoxP8uPXfQRxgGlVF2iD7O9ChH3QDNDoq4pwG', '010-4321-8765', '2000-07-20', '재학', 'ROLE_USER', 30);
insert into users(id, student_id, name, email, password, phone_number, birthday, state, role, kisu) values (6 , '2022136137', '이영수', 'youngsu@example.com', '$2a$10$tQXMp8U0LNKSmoCBJoxP8uPXfQRxgGlVF2iD7O9ChH3QDNDoq4pwG', '010-1234-5678', '1995-02-28', '재학', 'ROLE_USER', 29);
insert into users(id, student_id, name, email, password, phone_number, birthday, state, role, kisu) values (7 , '2022136138', '김민지', 'minji@example.com', '$2a$10$tQXMp8U0LNKSmoCBJoxP8uPXfQRxgGlVF2iD7O9ChH3QDNDoq4pwG', '010-2345-6789', '1998-07-15', '재학', 'ROLE_USER', 30);
insert into users(id, student_id, name, email, password, phone_number, birthday, state, role, kisu) values (8 , '2022136139', '박준혁', 'junhyuk@example.com', '$2a$10$tQXMp8U0LNKSmoCBJoxP8uPXfQRxgGlVF2iD7O9ChH3QDNDoq4pwG', '010-3456-7890', '1999-11-20', '재학', 'ROLE_USER', 31);
insert into users(id, student_id, name, email, password, phone_number, birthday, state, role, kisu) values (9 , '2022136140', '최지현', 'jihyun@example.com', '$2a$10$tQXMp8U0LNKSmoCBJoxP8uPXfQRxgGlVF2iD7O9ChH3QDNDoq4pwG', '010-4567-8901', '2000-04-03', '재학', 'ROLE_USER', 32);
insert into users(id, student_id, name, email, password, phone_number, birthday, state, role, kisu) values (10 , '2022136141', '정재현', 'jaehyun@example.com', '$2a$10$tQXMp8U0LNKSmoCBJoxP8uPXfQRxgGlVF2iD7O9ChH3QDNDoq4pwG', '010-5678-9012', '1996-09-22', '재학', 'ROLE_USER', 33);
insert into users(id, student_id, name, email, password, phone_number, birthday, state, role, kisu) values (11 , '2022136142', '이지수', 'jisoo@example.com', '$2a$10$tQXMp8U0LNKSmoCBJoxP8uPXfQRxgGlVF2iD7O9ChH3QDNDoq4pwG', '010-6789-0123', '1997-12-11', '재학', 'ROLE_USER', 34);
insert into users(id, student_id, name, email, password, phone_number, birthday, state, role, kisu) values (12 , '2022136143', '박세훈', 'sejun@example.com', '$2a$10$tQXMp8U0LNKSmoCBJoxP8uPXfQRxgGlVF2iD7O9ChH3QDNDoq4pwG', '010-7890-1234', '1994-05-18', '재학', 'ROLE_USER', 29);
insert into users(id, student_id, name, email, password, phone_number, birthday, state, role, kisu) values (13 , '2022136144', '이수진', 'soojin@example.com', '$2a$10$tQXMp8U0LNKSmoCBJoxP8uPXfQRxgGlVF2iD7O9ChH3QDNDoq4pwG', '010-8901-2345', '1993-08-27', '재학', 'ROLE_USER', 30);
insert into users(id, student_id, name, email, password, phone_number, birthday, state, role, kisu) values (14 , '2022136145', '김태우', 'taewoo@example.com', '$2a$10$tQXMp8U0LNKSmoCBJoxP8uPXfQRxgGlVF2iD7O9ChH3QDNDoq4pwG', '010-9012-3456', '1992-02-14', '재학', 'ROLE_USER', 31);
insert into users(id, student_id, name, email, password, phone_number, birthday, state, role, kisu) values (15 , '2022136146', '장민서', 'minseo@example.com', '$2a$10$tQXMp8U0LNKSmoCBJoxP8uPXfQRxgGlVF2iD7O9ChH3QDNDoq4pwG', '010-0123-4567', '1991-11-05', '재학', 'ROLE_USER', 32);
insert into users(id, student_id, name, email, password, phone_number, birthday, state, role, kisu) values (16 , '2022136147', '정승우', 'seungwoo@example.com', '$2a$10$tQXMp8U0LNKSmoCBJoxP8uPXfQRxgGlVF2iD7O9ChH3QDNDoq4pwG', '010-1234-5678', '1990-04-25', '재학', 'ROLE_USER', 33);
insert into users(id, student_id, name, email, password, phone_number, birthday, state, role, kisu) values (17 , '2022136148', '박하은', 'haeun@example.com', '$2a$10$tQXMp8U0LNKSmoCBJoxP8uPXfQRxgGlVF2iD7O9ChH3QDNDoq4pwG', '010-2345-6789', '1989-07-16', '재학', 'ROLE_USER', 34);
insert into users(id, student_id, name, email, password, phone_number, birthday, state, role, kisu) values (18 , '2022136149', '김동하', 'donghyun@example.com', '$2a$10$tQXMp8U0LNKSmoCBJoxP8uPXfQRxgGlVF2iD7O9ChH3QDNDoq4pwG', '010-3456-7890', '1988-10-10', '재학', 'ROLE_USER', 29);
insert into users(id, student_id, name, email, password, phone_number, birthday, state, role, kisu) values (19 , '2022136150', '이가은', 'gaeun@example.com', '$2a$10$tQXMp8U0LNKSmoCBJoxP8uPXfQRxgGlVF2iD7O9ChH3QDNDoq4pwG', '010-4567-8901', '1987-03-08', '재학', 'ROLE_USER', 30);
insert into users(id, student_id, name, email, password, phone_number, birthday, state, role, kisu) values (20 , '2022136151', '최지우', 'jiwoo@example.com', '$2a$10$tQXMp8U0LNKSmoCBJoxP8uPXfQRxgGlVF2iD7O9ChH3QDNDoq4pwG', '010-5678-9012', '1986-06-28', '재학', 'ROLE_USER', 31);


insert into parent_department(id, parent_name) values (1, '라디오');
insert into parent_department(id, parent_name) values (2, '뉴스');

insert into department(id, parent_id, department_name) values (1, 1, '제작팀');
insert into department(id, parent_id, department_name) values (2, 1, '기술팀');
insert into department(id, parent_id, department_name) values (3, 1, '아나운서팀');
insert into department(id, parent_id, department_name) values (4, 2, 'PD팀');
insert into department(id, parent_id, department_name) values (5, 2, '촬영팀');
insert into department(id, parent_id, department_name) values (6, 2, '편집팀');
insert into department(id, parent_id, department_name) values (7, 2, '앵커팀');

insert into team (id, user_id, department_id) values (1, 1, 1);
insert into team (id, user_id, department_id) values (2, 1, 6);
insert into team (id, user_id, department_id) values (3, 2, 2);
insert into team (id, user_id, department_id) values (4, 2, 4);
insert into team (id, user_id, department_id) values (5, 3, 3);
insert into team (id, user_id, department_id) values (6, 3, 5);
insert into team (id, user_id, department_id) values (7, 4, 1);
insert into team (id, user_id, department_id) values (8, 4, 4);
insert into team (id, user_id, department_id) values (9, 5, 3);
insert into team (id, user_id, department_id) values (10, 5, 5);
insert into team (id, user_id, department_id) values (11, 6, 1);
insert into team (id, user_id, department_id) values (12, 6, 4);
insert into team (id, user_id, department_id) values (13, 7, 2);
insert into team (id, user_id, department_id) values (14, 7, 4);
insert into team (id, user_id, department_id) values (15, 8, 1);
insert into team (id, user_id, department_id) values (16, 8, 5);
insert into team (id, user_id, department_id) values (17, 9, 1);
insert into team (id, user_id, department_id) values (18, 9, 7);
insert into team (id, user_id, department_id) values (19, 10, 3);
insert into team (id, user_id, department_id) values (20, 10, 6);
insert into team (id, user_id, department_id) values (21, 11, 3);
insert into team (id, user_id, department_id) values (22, 11, 4);
insert into team (id, user_id, department_id) values (23, 12, 3);
insert into team (id, user_id, department_id) values (24, 12, 5);
insert into team (id, user_id, department_id) values (25, 13, 1);
insert into team (id, user_id, department_id) values (26, 13, 5);
insert into team (id, user_id, department_id) values (27, 14, 2);
insert into team (id, user_id, department_id) values (28, 14, 4);
insert into team (id, user_id, department_id) values (29, 15, 1);
insert into team (id, user_id, department_id) values (30, 15, 4);
insert into team (id, user_id, department_id) values (31, 16, 3);
insert into team (id, user_id, department_id) values (32, 16, 5);
insert into team (id, user_id, department_id) values (33, 17, 2);
insert into team (id, user_id, department_id) values (34, 17, 5);
insert into team (id, user_id, department_id) values (35, 18, 3);
insert into team (id, user_id, department_id) values (36, 18, 5);
insert into team (id, user_id, department_id) values (37, 19, 2);
insert into team (id, user_id, department_id) values (38, 19, 6);
insert into team (id, user_id, department_id) values (39, 20, 1);
insert into team (id, user_id, department_id) values (40, 20, 5);


INSERT INTO DAILY_TASK (id, date, type) values (1, '2024-03-04', '점심라디오');
INSERT INTO DAILY_TASK (id, date, type) values (2, '2024-03-04', '저녁라디오');
INSERT INTO DAILY_TASK (id, date, type) values (3, '2024-03-04', '뉴스');

INSERT INTO DAILY_TASK (id, date, type) values (4, '2024-03-05', '점심라디오');
INSERT INTO DAILY_TASK (id, date, type) values (5, '2024-03-05', '저녁라디오');

INSERT INTO DAILY_TASK (id, date, type) values (6, '2024-03-06', '점심라디오');
INSERT INTO DAILY_TASK (id, date, type) values (7, '2024-03-06', '저녁라디오');

INSERT INTO DAILY_TASK (id, date, type) values (8, '2024-03-07', '점심라디오');
INSERT INTO DAILY_TASK (id, date, type) values (9, '2024-03-07', '저녁라디오');

INSERT INTO DAILY_TASK (id, date, type) values (10, '2024-03-08', '점심라디오');
INSERT INTO DAILY_TASK (id, date, type) values (11, '2024-03-08', '저녁라디오');


INSERT INTO TASK_USERS (id, task_id, user_id) values (1, 1, 6);
INSERT INTO TASK_USERS (id, task_id, user_id) values (2, 1, 2);
INSERT INTO TASK_USERS (id, task_id, user_id) values (3, 1, 3);

INSERT INTO TASK_USERS (id, task_id, user_id) values (4, 2, 1);
INSERT INTO TASK_USERS (id, task_id, user_id) values (5, 2, 7);
INSERT INTO TASK_USERS (id, task_id, user_id) values (6, 2, 5);

INSERT INTO TASK_USERS (id, task_id, user_id) values (7, 3, 2);
INSERT INTO TASK_USERS (id, task_id, user_id) values (8, 3, 3);
INSERT INTO TASK_USERS (id, task_id, user_id) values (9, 3, 1);
INSERT INTO TASK_USERS (id, task_id, user_id) values (10, 3, 9);

INSERT INTO TASK_USERS (id, task_id, user_id) values (11, 4, 4);
INSERT INTO TASK_USERS (id, task_id, user_id) values (12, 4, 14);
INSERT INTO TASK_USERS (id, task_id, user_id) values (13, 4, 16);

INSERT INTO TASK_USERS (id, task_id, user_id) values (14, 5, 20);
INSERT INTO TASK_USERS (id, task_id, user_id) values (15, 5, 17);
INSERT INTO TASK_USERS (id, task_id, user_id) values (16, 5, 18);

INSERT INTO TASK_USERS (id, task_id, user_id) values (17, 6, 6);
INSERT INTO TASK_USERS (id, task_id, user_id) values (18, 6, 2);
INSERT INTO TASK_USERS (id, task_id, user_id) values (19, 6, 11);

INSERT INTO TASK_USERS (id, task_id, user_id) values (20, 7, 9);
INSERT INTO TASK_USERS (id, task_id, user_id) values (21, 7, 7);
INSERT INTO TASK_USERS (id, task_id, user_id) values (22, 7, 3);

INSERT INTO TASK_USERS (id, task_id, user_id) values (23, 8, 1);
INSERT INTO TASK_USERS (id, task_id, user_id) values (24, 8, 19);
INSERT INTO TASK_USERS (id, task_id, user_id) values (25, 8, 11);

INSERT INTO TASK_USERS (id, task_id, user_id) values (26, 9, 4);
INSERT INTO TASK_USERS (id, task_id, user_id) values (27, 9, 2);
INSERT INTO TASK_USERS (id, task_id, user_id) values (28, 9, 16);

INSERT INTO TASK_USERS (id, task_id, user_id) values (29, 10, 13);
INSERT INTO TASK_USERS (id, task_id, user_id) values (30, 10, 17);
INSERT INTO TASK_USERS (id, task_id, user_id) values (31, 10, 10);

INSERT INTO TASK_USERS (id, task_id, user_id) values (32, 11, 20);
INSERT INTO TASK_USERS (id, task_id, user_id) values (33, 11, 19);
INSERT INTO TASK_USERS (id, task_id, user_id) values (34, 11, 18);